scenario,n_samples,alpha,r2_holdout,rmse_holdout,cv_r2_mean,train_time_s
baseline,100,10.0,-0.2535505607590376,2.26670368856954,-0.30614855961402354,0.0010495185852050781
glm46,300,10.0,-0.9251635782000829,2.160373778814729,-1.2188308585169196,0.0029392242431640625
llama3,300,10.0,-0.9250691552093973,2.161317481704234,-1.218965171368309,0.002183198928833008
deepseek,300,10.0,-0.9194836635925965,2.1567852636421745,-1.2188207327906802,0.002002239227294922
