scenario,n_samples,r2_holdout,rmse_holdout,cv_r2_mean,train_time_s
baseline,100,-0.6720121135692123,2.617842616192233,-0.444108696481218,0.024358272552490234
glm46,300,-1.2541073517745955,2.337665550509791,-10.38480032429413,0.01199960708618164
llama3,300,-1.2539467817071062,2.3386607522254,-10.384715249714155,0.00998687744140625
deepseek,300,-1.248514026287714,2.334331324648691,-10.395113867422335,0.01154184341430664
