scenario,n_samples,r2_holdout,rmse_holdout,cv_r2_mean,train_time_s
baseline,100,-0.11338596648698762,2.1362235333844173,-0.13100120725701747,0.06807398796081543
glm46,300,-0.06491755872542981,1.6067676270336244,-0.09972980085622296,0.08983850479125977
llama3,300,-0.07409191615343369,1.614418488456318,-0.09969145080370145,0.08829474449157715
deepseek,300,-0.1447887194860651,1.6656255267649438,-0.09556804309013944,0.08914875984191895
