scenario,impl,n_samples,r2_holdout,rmse_holdout,cv_r2_mean,train_time_s
baseline,fallback,529,-0.06918799877166748,0.11117639994175198,-0.07778563499450683,9.9718177318573
glm46,fallback,729,-13.770339965820312,0.40869576327645957,-88.60601568222046,8.397992610931396
