scenario,impl,n_samples,r2_holdout,rmse_holdout,cv_r2_mean,train_time_s
baseline,"elasticnet(alpha=0.01,l1_ratio=0.1)",529,-0.0008713006973266602,0.1075659133002718,-0.0007353623708089193,0.5977926254272461
glm46,"elasticnet(alpha=10.0,l1_ratio=0.9)",721,-0.01927328109741211,0.10708291153957675,-0.011971831321716309,0.5547330379486084
