scenario,n_samples,r2_holdout,rmse_holdout,cv_r2_mean,train_time_s,n_iter,reached_max_iter
baseline,100,-0.4688017263584736,2.4536093093152576,-0.4625259179803506,0.04962944984436035,99,False
glm46,300,-0.9639944750094818,2.182052572762646,-0.8149678741054086,0.22481489181518555,138,False
llama3,300,-0.9642712429671574,2.1832130960604403,-0.8146358537890271,0.2253580093383789,138,False
deepseek,300,-0.9613716713303582,2.1801915224235673,-0.815964154395237,0.1854393482208252,138,False
