scenario,ae_impl,reg_impl,n_samples,r2_holdout,rmse_holdout,cv_r2_mean,train_time_s
baseline,pca,ridge,100,-0.27428579330444336,2.2853738795273904,-0.4608536958694458,0.10826444625854492
glm46,pca,ridge,300,0.01593989133834839,1.5445640332800132,-0.10310608148574829,0.030416250228881836
llama3,pca,ridge,300,0.015744507312774658,1.5454299804958744,-0.10321617126464844,0.035620689392089844
deepseek,pca,ridge,300,0.016124606132507324,1.5441331550075845,-0.10313725471496582,0.035867929458618164
