scenario,n_samples,r2_holdout,rmse_holdout,cv_r2_mean,train_time_s,impl
baseline,100,-0.14141049316120125,2.1629414030144876,-0.2785533049788892,1.6207365989685059,lightgbm
glm46,300,-0.20919946064248784,1.712158836085208,-0.16927342353969066,0.019222259521484375,lightgbm
llama3,300,-0.2417267199855624,1.7358348836168662,-0.20641981720243074,0.017624855041503906,lightgbm
deepseek,300,-0.22417615823115455,1.7224104665969224,-0.18303066074413576,0.01800251007080078,lightgbm
