epoch,loss,val_loss,r2
0,0.000000,0.000000,0.000000
