scenario,ae_impl,reg_impl,n_samples,r2_holdout,rmse_holdout,cv_r2_mean,train_time_s
baseline,pca,ridge,529,0.22259724140167236,0.09480005539815024,-1.0465900421142578,0.001996755599975586
glm46,pca,ridge,729,0.0001404285430908203,0.10633454990805875,-0.08102765083312988,0.0010228157043457031
