scenario,impl,n_samples,r2_holdout,rmse_holdout,cv_r2_mean,train_time_s
baseline,fallback,100,-0.2982485294342041,2.3067618652316417,-0.37482988834381104,0.10411381721496582
glm46,fallback,300,-0.922114372253418,2.158662303563579,-0.25571221113204956,0.3696303367614746
llama3,fallback,300,-0.9196807146072388,2.1582905056900716,-0.2557235360145569,0.38929176330566406
deepseek,fallback,300,-0.9008413553237915,2.1462862098585327,-0.25643855333328247,0.3108689785003662
